"","names","price","os","year","rating","warranty"
"1","Thomson Phoenix 2025 Edition 108 cm (43 inch) QLED Ultra HD (4K) Smart Google TV 2025 Edition with Dol...","₹21,499","Operating System: Google TV","1 Year Warranty on Product","4.4","Launch Year: 2025"
"2","XIAOMI by Mi X Series 125 cm (50 inch) Ultra HD (4K) LED Smart Google TV with 4K Dolby Vision | HDR 10...","₹30,999","Operating System: Google TV","2 Year Warranty (1 Year Standard Warranty + 1 Year additional warranty on Panel)","4.3","Launch Year: 2024"
"3","TCL C655 139 cm (55 inch) QLED Ultra HD (4K) Smart Google TV with T-SCREEN |Dolby Vision-Atmos | Hands...","₹35,999","Operating System: Google TV","2 Years Comprehensive Warranty on Product","4.2","Launch Year: 2024"
"4","realme TechLife 140 cm (55 inch) QLED Ultra HD (4K) Smart Google TV 2025 Edition with 5.0 with Dolby A...","₹28,999","Operating System: Google TV","12 Months Warranty","4.1","Launch Year: 2025"
"5","XIAOMI by Mi X Pro CineMagiQLED 108 cm (43 inch) QLED Ultra HD (4K) Smart Google TV 2025 Edition with ...","₹31,999","Operating System: Google TV","1 year product warranty + Additional 1 year panel warranty","4","Launch Year: 2025"
"6","Thomson Phoenix 2025 Edition 126 cm (50 inch) QLED Ultra HD (4K) Smart Google TV 2025 Edition with Dol...","₹26,999","Operating System: Google TV","1 Year Warranty on Product","4.4","Launch Year: 2025"
"7","MOTOROLA 109 cm (43 inch) QLED Ultra HD (4K) Smart Google TV 2025 Edition with 5.0 with 48 W speaker, ...","₹22,499","Operating System: Google TV","12 Months Warranty","4.2","Launch Year: 2025"
"8","LG AI TV UA8200 108 cm (43 inch) Ultra HD (4K) LED Smart WebOS TV 2025 Edition with Alpha7 AI Processo...","₹34,990","Operating System: WebOS","1 year warranty provided by the manufacturer from date of purchase","4.4","Launch Year: 2025"
"9","realme TechLife 109 cm (43 inch) QLED Ultra HD (4K) Smart Google TV 2025 Edition with 5.0 with Dolby A...","₹20,999","Operating System: Google TV","12 Months Warranty","4.1","Launch Year: 2025"
"10","realme TechLife 165 cm (65 inch) QLED Ultra HD (4K) Smart Google TV 2025 Edition with 5.0 with Dolby A...","₹39,999","Operating System: Google TV","12 Months Warranty","4.1","Launch Year: 2025"
"11","Hisense E6N 139 cm (55 inch) Ultra HD (4K) LED Smart Google TV with Atmos, Dts Virtual X and 4K AI Ups...","₹31,999","Operating System: Google TV","1 Year Comprehensive Warranty","4.3","Launch Year: 2024"
"12","XIAOMI by Mi X Pro CineMagiQLED 138 cm (55 inch) QLED Ultra HD (4K) Smart Google TV 2025 Edition with ...","₹42,999","Operating System: Google TV","1 year product warranty + Additional 1 year panel warranty","4","Launch Year: 2025"
"13","iFFALCON by TCL U65 138 cm (55 inch) Ultra HD (4K) LED Smart Google TV 2025 Edition with MEMC | Dolby ...","₹26,999","Operating System: Google TV","1 Year Product Warranty","4.2","Launch Year: 2025"
"14","LG AI TV UA8200 139 cm (55 inch) Ultra HD (4K) LED Smart WebOS TV 2025 Edition with Alpha7 AI Processo...","₹44,990","Operating System: WebOS","1 year warranty provided by the manufacturer from date of purchase","4.4","Launch Year: 2025"
"15","MOTOROLA 140 cm (55 inch) QLED Ultra HD (4K) Smart Google TV 2025 Edition with 5.0 with 48 W speaker, ...","₹30,599","Operating System: Google TV","12 Months Warranty","4.2","Launch Year: 2025"
"16","MOTOROLA 165 cm (65 inch) QLED Ultra HD (4K) Smart Google TV 2025 Edition with 5.0 with 48 W speaker, ...","₹41,999","Operating System: Google TV","12 Months Warranty","4.2","Launch Year: 2025"
"17","TOSHIBA 85Z570RP 215 cm (85 inch) QLED Ultra HD (4K) Smart VIDAA TV 2025 Edition with 2.1CH REGZA powe...","₹1,59,999","Operating System: VIDAA","1 Years Product Warranty, 1 Years Comprehensive Warranty","4.2","Launch Year: 2025"
"18","XIAOMI by Mi F Series 108 cm (43 inch) Ultra HD (4K) LED Smart Fire TV 2025 Edition with Dolby Audio |...","₹24,999","Operating System: FireTv OS","1 year comprehensive warranty","4.3","Launch Year: 2025"
"19","Samsung Crystal 4K Infinity Vision 138 cm (55 inch) Ultra HD (4K) LED Smart Tizen TV 2025 Edition with...","₹46,490","Operating System: Tizen","2 Year Warranty (1Year Standard + 1 Year Extended Warranty on Panel )","4.3","Launch Year: 2025"
"20","Thomson 126 cm (50 inch) QLED Ultra HD (4K) Smart Google TV with HDR 10 | Dolby Atmos | 40W Sound Outp...","₹25,999","Operating System: Google TV","1 Year Warranty on Product and 6 Months Warranty on Accessories","4.4","Launch Year: 2022"
"21","XIAOMI by Mi FX Pro 108 cm (43 inch) QLED Ultra HD (4K) Smart Fire TV 2025 Edition with Alexa built-in...","₹27,999","Operating System: FireTv OS","1 year comprehensive warranty","4","Launch Year: 2025"
"22","TOSHIBA M550MP 139 cm (55 inch) QLED Ultra HD (4K) Smart Google TV with Full Array Local Dimming, Powe...","₹37,999","Operating System: Google TV","1 Year Comprehensive Warranty","4.3","Launch Year: 2023"
"23","XIAOMI by Mi X Series 108 cm (43 inch) Ultra HD (4K) LED Smart Google TV with HDR 10 | Audio | DTS X |...","₹23,999","Operating System: Google TV","2 Year Warranty (1 Year Standard Warranty + 1 Year additional warranty on Panel)","4.3","Launch Year: 2024"
"24","Thomson Phoenix 2025 Edition 139 cm (55 inch) QLED Ultra HD (4K) Smart Google TV 2025 Edition with Dol...","₹30,999","Operating System: Google TV","1 Year Warranty on Product","4.4","Launch Year: 2025"
